<?xml version="1.0" encoding="UTF-8" standalone="no"?><!-- generated: 2017-06-24T14:29:13-07:00 --><!-- generated by: Mutaz[??] --><adag xmlns="http://pegasus.isi.edu/schema/DAX" xmlns:xsi="http://www.w3.org/2001/XMLSchema-instance" childCount="2" count="1" fileCount="0" index="0" name="App1" serviceCount="20" version="2.1" xsi:schemaLocation="http://pegasus.isi.edu/schema/DAX http://pegasus.isi.edu/schema/dax-2.1.xsd">
<!-- part 1: list of all referenced files (may be empty) -->
<!-- part 2: definition of all jobs (at least one) -->
  <externalsources>
	  <exsource datarate="4" id="PID00000" name="Producer0" type="stream"/>
  <exsource datarate="4" id="PID00001" name="Producer1" type="stream"/><exsource datarate="4" id="PID00002" name="Producer2" type="stream"/><exsource datarate="4" id="PID00003" name="Producer3" type="stream"/><exsource datarate="4" id="PID00004" name="Producer4" type="stream"/></externalsources>
  <service dataprocessingreq="500" id="ID00000" name="TmpltBank" userreq="4">
    <uses link="input" producerref="PID00000" type="stream"/>
    <uses link="output" size="4" transfer="true" type="stream"/>
  </service>
  <service dataprocessingreq="500" id="ID00001" name="TmpltBank" userreq="4">
    <uses link="input" processingtype="replica" serviceref="ID00000" transfer="true" type="stream"/>
    <uses link="output" size="4" transfer="true" type="stream"/>
  </service>
  <service dataprocessingreq="1000" id="ID00002" name="TmpBank" userreq="4">
    <uses link="input" processingtype="replica" serviceref="ID00001" type="stream"/>
    <uses link="output" size="4" type="stream"/>
  </service>
  <service dataprocessingreq="1000" id="ID00003" name="TmpBank" userreq="4">
    <uses link="input" processingtype="replica" serviceref="ID00002" type="stream"/>
    <uses link="output" size="1" type="stream"/>
  </service>
  <service dataprocessingreq="500" id="ID00004" movable="" name="TmpltBank" userreq="5.0"><uses link="input" producerref="PID00001" type="stream"/><uses link="input" processingtype="replica" serviceref="ID00003" type="stream"/><uses link="output" size="4" type="stream"/></service><service dataprocessingreq="500" id="ID00005" movable="" name="TmpltBank" userreq="4"><uses link="input" processingtype="replica" serviceref="ID00004" type="stream"/><uses link="output" size="4" type="stream"/></service><service dataprocessingreq="1000" id="ID00006" movable="" name="TmpBank" userreq="4"><uses link="input" processingtype="replica" serviceref="ID00005" type="stream"/><uses link="output" size="4" type="stream"/></service><service dataprocessingreq="1000" id="ID00007" movable="" name="TmpBank" userreq="4"><uses link="input" processingtype="replica" serviceref="ID00006" type="stream"/><uses link="output" size="1" type="stream"/></service><service dataprocessingreq="500" id="ID00008" movable="" name="TmpltBank" userreq="5.0"><uses link="input" producerref="PID00002" type="stream"/><uses link="input" processingtype="replica" serviceref="ID00007" type="stream"/><uses link="output" size="4" type="stream"/></service><service dataprocessingreq="500" id="ID00009" movable="" name="TmpltBank" userreq="4"><uses link="input" processingtype="replica" serviceref="ID00008" type="stream"/><uses link="output" size="4" type="stream"/></service><service dataprocessingreq="1000" id="ID00010" movable="" name="TmpBank" userreq="4"><uses link="input" processingtype="replica" serviceref="ID00009" type="stream"/><uses link="output" size="4" type="stream"/></service><service dataprocessingreq="1000" id="ID00011" movable="" name="TmpBank" userreq="4"><uses link="input" processingtype="replica" serviceref="ID00010" type="stream"/><uses link="output" size="1" type="stream"/></service><service dataprocessingreq="500" id="ID00012" movable="" name="TmpltBank" userreq="5.0"><uses link="input" producerref="PID00003" type="stream"/><uses link="input" processingtype="replica" serviceref="ID00011" type="stream"/><uses link="output" size="4" type="stream"/></service><service dataprocessingreq="500" id="ID00013" movable="" name="TmpltBank" userreq="4"><uses link="input" processingtype="replica" serviceref="ID00012" type="stream"/><uses link="output" size="4" type="stream"/></service><service dataprocessingreq="1000" id="ID00014" movable="" name="TmpBank" userreq="4"><uses link="input" processingtype="replica" serviceref="ID00013" type="stream"/><uses link="output" size="4" type="stream"/></service><service dataprocessingreq="1000" id="ID00015" movable="" name="TmpBank" userreq="4"><uses link="input" processingtype="replica" serviceref="ID00014" type="stream"/><uses link="output" size="1" type="stream"/></service><service dataprocessingreq="500" id="ID00016" movable="" name="TmpltBank" userreq="5.0"><uses link="input" producerref="PID00004" type="stream"/><uses link="input" processingtype="replica" serviceref="ID00015" type="stream"/><uses link="output" size="4" type="stream"/></service><service dataprocessingreq="500" id="ID00017" movable="" name="TmpltBank" userreq="4"><uses link="input" processingtype="replica" serviceref="ID00016" type="stream"/><uses link="output" size="4" type="stream"/></service><service dataprocessingreq="1000" id="ID00018" movable="" name="TmpBank" userreq="4"><uses link="input" processingtype="replica" serviceref="ID00017" type="stream"/><uses link="output" size="4" type="stream"/></service><service dataprocessingreq="1000" id="ID00019" movable="" name="TmpBank" userreq="4"><uses link="input" processingtype="replica" serviceref="ID00018" type="stream"/><uses link="output" size="1" type="stream"/></service><child ref="ID00001">
    <parent ref="ID00000"/>
  </child>
  <child ref="ID00002">
    <parent ref="ID00001"/>
  </child>
  <child ref="ID00003">
    <parent ref="ID00002"/>
  </child>
<child ref="ID00004"><parent ref="ID00003"/></child><child ref="ID00005"><parent ref="ID00004"/></child><child ref="ID00006"><parent ref="ID00005"/></child><child ref="ID00007"><parent ref="ID00006"/></child><child ref="ID00008"><parent ref="ID00007"/></child><child ref="ID00009"><parent ref="ID00008"/></child><child ref="ID00010"><parent ref="ID00009"/></child><child ref="ID00011"><parent ref="ID00010"/></child><child ref="ID00012"><parent ref="ID00011"/></child><child ref="ID00013"><parent ref="ID00012"/></child><child ref="ID00014"><parent ref="ID00013"/></child><child ref="ID00015"><parent ref="ID00014"/></child><child ref="ID00016"><parent ref="ID00015"/></child><child ref="ID00017"><parent ref="ID00016"/></child><child ref="ID00018"><parent ref="ID00017"/></child><child ref="ID00019"><parent ref="ID00018"/></child></adag>