<?xml version="1.0" encoding="UTF-8" standalone="no"?><!-- generated: 2017-06-24T14:29:13-07:00 --><!-- generated by: Mutaz[??] --><adag xmlns="http://pegasus.isi.edu/schema/DAX" xmlns:xsi="http://www.w3.org/2001/XMLSchema-instance" childCount="2" count="1" fileCount="0" index="0" name="App1" serviceCount="52" version="2.1" xsi:schemaLocation="http://pegasus.isi.edu/schema/DAX http://pegasus.isi.edu/schema/dax-2.1.xsd">
<!-- part 1: list of all referenced files (may be empty) -->
<!-- part 2: definition of all jobs (at least one) -->
  <externalsources>
	  <exsource datarate="4" id="PID00000" name="Producer0" type="stream"/>
  <exsource datarate="4" id="PID00001" name="Producer1" type="stream"/><exsource datarate="4" id="PID00002" name="Producer2" type="stream"/><exsource datarate="4" id="PID00003" name="Producer3" type="stream"/><exsource datarate="4" id="PID00004" name="Producer4" type="stream"/><exsource datarate="4" id="PID00005" name="Producer5" type="stream"/><exsource datarate="4" id="PID00006" name="Producer6" type="stream"/><exsource datarate="4" id="PID00007" name="Producer7" type="stream"/><exsource datarate="4" id="PID00008" name="Producer8" type="stream"/><exsource datarate="4" id="PID00009" name="Producer9" type="stream"/><exsource datarate="4" id="PID00010" name="Producer10" type="stream"/><exsource datarate="4" id="PID00011" name="Producer11" type="stream"/><exsource datarate="4" id="PID00012" name="Producer12" type="stream"/></externalsources>
  <service dataprocessingreq="500" id="ID00000" name="TmpltBank" userreq="4">
    <uses link="input" producerref="PID00000" type="stream"/>
    <uses link="output" size="4" transfer="true" type="stream"/>
  </service>
  <service dataprocessingreq="500" id="ID00001" name="TmpltBank" userreq="4">
    <uses link="input" processingtype="replica" serviceref="ID00000" transfer="true" type="stream"/>
    <uses link="output" size="4" transfer="true" type="stream"/>
  </service>
  <service dataprocessingreq="1000" id="ID00002" name="TmpBank" userreq="4">
    <uses link="input" processingtype="replica" serviceref="ID00001" type="stream"/>
    <uses link="output" size="4" type="stream"/>
  </service>
  <service dataprocessingreq="1000" id="ID00003" name="TmpBank" userreq="4">
    <uses link="input" processingtype="replica" serviceref="ID00002" type="stream"/>
    <uses link="output" size="1" type="stream"/>
  </service>
  <service dataprocessingreq="500" id="ID00004" movable="" name="TmpltBank" userreq="5.0"><uses link="input" producerref="PID00001" type="stream"/><uses link="input" processingtype="replica" serviceref="ID00003" type="stream"/><uses link="output" size="4" type="stream"/></service><service dataprocessingreq="500" id="ID00005" movable="" name="TmpltBank" userreq="4"><uses link="input" processingtype="replica" serviceref="ID00004" type="stream"/><uses link="output" size="4" type="stream"/></service><service dataprocessingreq="1000" id="ID00006" movable="" name="TmpBank" userreq="4"><uses link="input" processingtype="replica" serviceref="ID00005" type="stream"/><uses link="output" size="4" type="stream"/></service><service dataprocessingreq="1000" id="ID00007" movable="" name="TmpBank" userreq="4"><uses link="input" processingtype="replica" serviceref="ID00006" type="stream"/><uses link="output" size="1" type="stream"/></service><service dataprocessingreq="500" id="ID00008" movable="" name="TmpltBank" userreq="5.0"><uses link="input" producerref="PID00002" type="stream"/><uses link="input" processingtype="replica" serviceref="ID00007" type="stream"/><uses link="output" size="4" type="stream"/></service><service dataprocessingreq="500" id="ID00009" movable="" name="TmpltBank" userreq="4"><uses link="input" processingtype="replica" serviceref="ID00008" type="stream"/><uses link="output" size="4" type="stream"/></service><service dataprocessingreq="1000" id="ID00010" movable="" name="TmpBank" userreq="4"><uses link="input" processingtype="replica" serviceref="ID00009" type="stream"/><uses link="output" size="4" type="stream"/></service><service dataprocessingreq="1000" id="ID00011" movable="" name="TmpBank" userreq="4"><uses link="input" processingtype="replica" serviceref="ID00010" type="stream"/><uses link="output" size="1" type="stream"/></service><service dataprocessingreq="500" id="ID00012" movable="" name="TmpltBank" userreq="5.0"><uses link="input" producerref="PID00003" type="stream"/><uses link="input" processingtype="replica" serviceref="ID00011" type="stream"/><uses link="output" size="4" type="stream"/></service><service dataprocessingreq="500" id="ID00013" movable="" name="TmpltBank" userreq="4"><uses link="input" processingtype="replica" serviceref="ID00012" type="stream"/><uses link="output" size="4" type="stream"/></service><service dataprocessingreq="1000" id="ID00014" movable="" name="TmpBank" userreq="4"><uses link="input" processingtype="replica" serviceref="ID00013" type="stream"/><uses link="output" size="4" type="stream"/></service><service dataprocessingreq="1000" id="ID00015" movable="" name="TmpBank" userreq="4"><uses link="input" processingtype="replica" serviceref="ID00014" type="stream"/><uses link="output" size="1" type="stream"/></service><service dataprocessingreq="500" id="ID00016" movable="" name="TmpltBank" userreq="5.0"><uses link="input" producerref="PID00004" type="stream"/><uses link="input" processingtype="replica" serviceref="ID00015" type="stream"/><uses link="output" size="4" type="stream"/></service><service dataprocessingreq="500" id="ID00017" movable="" name="TmpltBank" userreq="4"><uses link="input" processingtype="replica" serviceref="ID00016" type="stream"/><uses link="output" size="4" type="stream"/></service><service dataprocessingreq="1000" id="ID00018" movable="" name="TmpBank" userreq="4"><uses link="input" processingtype="replica" serviceref="ID00017" type="stream"/><uses link="output" size="4" type="stream"/></service><service dataprocessingreq="1000" id="ID00019" movable="" name="TmpBank" userreq="4"><uses link="input" processingtype="replica" serviceref="ID00018" type="stream"/><uses link="output" size="1" type="stream"/></service><service dataprocessingreq="500" id="ID00020" movable="" name="TmpltBank" userreq="5.0"><uses link="input" producerref="PID00005" type="stream"/><uses link="input" processingtype="replica" serviceref="ID00019" type="stream"/><uses link="output" size="4" type="stream"/></service><service dataprocessingreq="500" id="ID00021" movable="" name="TmpltBank" userreq="4"><uses link="input" processingtype="replica" serviceref="ID00020" type="stream"/><uses link="output" size="4" type="stream"/></service><service dataprocessingreq="1000" id="ID00022" movable="" name="TmpBank" userreq="4"><uses link="input" processingtype="replica" serviceref="ID00021" type="stream"/><uses link="output" size="4" type="stream"/></service><service dataprocessingreq="1000" id="ID00023" movable="" name="TmpBank" userreq="4"><uses link="input" processingtype="replica" serviceref="ID00022" type="stream"/><uses link="output" size="1" type="stream"/></service><service dataprocessingreq="500" id="ID00024" movable="" name="TmpltBank" userreq="5.0"><uses link="input" producerref="PID00006" type="stream"/><uses link="input" processingtype="replica" serviceref="ID00023" type="stream"/><uses link="output" size="4" type="stream"/></service><service dataprocessingreq="500" id="ID00025" movable="" name="TmpltBank" userreq="4"><uses link="input" processingtype="replica" serviceref="ID00024" type="stream"/><uses link="output" size="4" type="stream"/></service><service dataprocessingreq="1000" id="ID00026" movable="" name="TmpBank" userreq="4"><uses link="input" processingtype="replica" serviceref="ID00025" type="stream"/><uses link="output" size="4" type="stream"/></service><service dataprocessingreq="1000" id="ID00027" movable="" name="TmpBank" userreq="4"><uses link="input" processingtype="replica" serviceref="ID00026" type="stream"/><uses link="output" size="1" type="stream"/></service><service dataprocessingreq="500" id="ID00028" movable="" name="TmpltBank" userreq="5.0"><uses link="input" producerref="PID00007" type="stream"/><uses link="input" processingtype="replica" serviceref="ID00027" type="stream"/><uses link="output" size="4" type="stream"/></service><service dataprocessingreq="500" id="ID00029" movable="" name="TmpltBank" userreq="4"><uses link="input" processingtype="replica" serviceref="ID00028" type="stream"/><uses link="output" size="4" type="stream"/></service><service dataprocessingreq="1000" id="ID00030" movable="" name="TmpBank" userreq="4"><uses link="input" processingtype="replica" serviceref="ID00029" type="stream"/><uses link="output" size="4" type="stream"/></service><service dataprocessingreq="1000" id="ID00031" movable="" name="TmpBank" userreq="4"><uses link="input" processingtype="replica" serviceref="ID00030" type="stream"/><uses link="output" size="1" type="stream"/></service><service dataprocessingreq="500" id="ID00032" movable="" name="TmpltBank" userreq="5.0"><uses link="input" producerref="PID00008" type="stream"/><uses link="input" processingtype="replica" serviceref="ID00031" type="stream"/><uses link="output" size="4" type="stream"/></service><service dataprocessingreq="500" id="ID00033" movable="" name="TmpltBank" userreq="4"><uses link="input" processingtype="replica" serviceref="ID00032" type="stream"/><uses link="output" size="4" type="stream"/></service><service dataprocessingreq="1000" id="ID00034" movable="" name="TmpBank" userreq="4"><uses link="input" processingtype="replica" serviceref="ID00033" type="stream"/><uses link="output" size="4" type="stream"/></service><service dataprocessingreq="1000" id="ID00035" movable="" name="TmpBank" userreq="4"><uses link="input" processingtype="replica" serviceref="ID00034" type="stream"/><uses link="output" size="1" type="stream"/></service><service dataprocessingreq="500" id="ID00036" movable="" name="TmpltBank" userreq="5.0"><uses link="input" producerref="PID00009" type="stream"/><uses link="input" processingtype="replica" serviceref="ID00035" type="stream"/><uses link="output" size="4" type="stream"/></service><service dataprocessingreq="500" id="ID00037" movable="" name="TmpltBank" userreq="4"><uses link="input" processingtype="replica" serviceref="ID00036" type="stream"/><uses link="output" size="4" type="stream"/></service><service dataprocessingreq="1000" id="ID00038" movable="" name="TmpBank" userreq="4"><uses link="input" processingtype="replica" serviceref="ID00037" type="stream"/><uses link="output" size="4" type="stream"/></service><service dataprocessingreq="1000" id="ID00039" movable="" name="TmpBank" userreq="4"><uses link="input" processingtype="replica" serviceref="ID00038" type="stream"/><uses link="output" size="1" type="stream"/></service><service dataprocessingreq="500" id="ID00040" movable="" name="TmpltBank" userreq="5.0"><uses link="input" producerref="PID00010" type="stream"/><uses link="input" processingtype="replica" serviceref="ID00039" type="stream"/><uses link="output" size="4" type="stream"/></service><service dataprocessingreq="500" id="ID00041" movable="" name="TmpltBank" userreq="4"><uses link="input" processingtype="replica" serviceref="ID00040" type="stream"/><uses link="output" size="4" type="stream"/></service><service dataprocessingreq="1000" id="ID00042" movable="" name="TmpBank" userreq="4"><uses link="input" processingtype="replica" serviceref="ID00041" type="stream"/><uses link="output" size="4" type="stream"/></service><service dataprocessingreq="1000" id="ID00043" movable="" name="TmpBank" userreq="4"><uses link="input" processingtype="replica" serviceref="ID00042" type="stream"/><uses link="output" size="1" type="stream"/></service><service dataprocessingreq="500" id="ID00044" movable="" name="TmpltBank" userreq="5.0"><uses link="input" producerref="PID00011" type="stream"/><uses link="input" processingtype="replica" serviceref="ID00043" type="stream"/><uses link="output" size="4" type="stream"/></service><service dataprocessingreq="500" id="ID00045" movable="" name="TmpltBank" userreq="4"><uses link="input" processingtype="replica" serviceref="ID00044" type="stream"/><uses link="output" size="4" type="stream"/></service><service dataprocessingreq="1000" id="ID00046" movable="" name="TmpBank" userreq="4"><uses link="input" processingtype="replica" serviceref="ID00045" type="stream"/><uses link="output" size="4" type="stream"/></service><service dataprocessingreq="1000" id="ID00047" movable="" name="TmpBank" userreq="4"><uses link="input" processingtype="replica" serviceref="ID00046" type="stream"/><uses link="output" size="1" type="stream"/></service><service dataprocessingreq="500" id="ID00048" movable="" name="TmpltBank" userreq="5.0"><uses link="input" producerref="PID00012" type="stream"/><uses link="input" processingtype="replica" serviceref="ID00047" type="stream"/><uses link="output" size="4" type="stream"/></service><service dataprocessingreq="500" id="ID00049" movable="" name="TmpltBank" userreq="4"><uses link="input" processingtype="replica" serviceref="ID00048" type="stream"/><uses link="output" size="4" type="stream"/></service><service dataprocessingreq="1000" id="ID00050" movable="" name="TmpBank" userreq="4"><uses link="input" processingtype="replica" serviceref="ID00049" type="stream"/><uses link="output" size="4" type="stream"/></service><service dataprocessingreq="1000" id="ID00051" movable="" name="TmpBank" userreq="4"><uses link="input" processingtype="replica" serviceref="ID00050" type="stream"/><uses link="output" size="1" type="stream"/></service><child ref="ID00001">
    <parent ref="ID00000"/>
  </child>
  <child ref="ID00002">
    <parent ref="ID00001"/>
  </child>
  <child ref="ID00003">
    <parent ref="ID00002"/>
  </child>
<child ref="ID00004"><parent ref="ID00003"/></child><child ref="ID00005"><parent ref="ID00004"/></child><child ref="ID00006"><parent ref="ID00005"/></child><child ref="ID00007"><parent ref="ID00006"/></child><child ref="ID00008"><parent ref="ID00007"/></child><child ref="ID00009"><parent ref="ID00008"/></child><child ref="ID00010"><parent ref="ID00009"/></child><child ref="ID00011"><parent ref="ID00010"/></child><child ref="ID00012"><parent ref="ID00011"/></child><child ref="ID00013"><parent ref="ID00012"/></child><child ref="ID00014"><parent ref="ID00013"/></child><child ref="ID00015"><parent ref="ID00014"/></child><child ref="ID00016"><parent ref="ID00015"/></child><child ref="ID00017"><parent ref="ID00016"/></child><child ref="ID00018"><parent ref="ID00017"/></child><child ref="ID00019"><parent ref="ID00018"/></child><child ref="ID00020"><parent ref="ID00019"/></child><child ref="ID00021"><parent ref="ID00020"/></child><child ref="ID00022"><parent ref="ID00021"/></child><child ref="ID00023"><parent ref="ID00022"/></child><child ref="ID00024"><parent ref="ID00023"/></child><child ref="ID00025"><parent ref="ID00024"/></child><child ref="ID00026"><parent ref="ID00025"/></child><child ref="ID00027"><parent ref="ID00026"/></child><child ref="ID00028"><parent ref="ID00027"/></child><child ref="ID00029"><parent ref="ID00028"/></child><child ref="ID00030"><parent ref="ID00029"/></child><child ref="ID00031"><parent ref="ID00030"/></child><child ref="ID00032"><parent ref="ID00031"/></child><child ref="ID00033"><parent ref="ID00032"/></child><child ref="ID00034"><parent ref="ID00033"/></child><child ref="ID00035"><parent ref="ID00034"/></child><child ref="ID00036"><parent ref="ID00035"/></child><child ref="ID00037"><parent ref="ID00036"/></child><child ref="ID00038"><parent ref="ID00037"/></child><child ref="ID00039"><parent ref="ID00038"/></child><child ref="ID00040"><parent ref="ID00039"/></child><child ref="ID00041"><parent ref="ID00040"/></child><child ref="ID00042"><parent ref="ID00041"/></child><child ref="ID00043"><parent ref="ID00042"/></child><child ref="ID00044"><parent ref="ID00043"/></child><child ref="ID00045"><parent ref="ID00044"/></child><child ref="ID00046"><parent ref="ID00045"/></child><child ref="ID00047"><parent ref="ID00046"/></child><child ref="ID00048"><parent ref="ID00047"/></child><child ref="ID00049"><parent ref="ID00048"/></child><child ref="ID00050"><parent ref="ID00049"/></child><child ref="ID00051"><parent ref="ID00050"/></child></adag>