<?xml version="1.0" encoding="UTF-8" standalone="no"?><!-- generated: 2017-06-24T14:29:13-07:00 --><!-- generated by: Mutaz[??] --><adag xmlns="http://pegasus.isi.edu/schema/DAX" xmlns:xsi="http://www.w3.org/2001/XMLSchema-instance" childCount="2" count="1" fileCount="0" index="0" name="App2" serviceCount="100" version="2.1" xsi:schemaLocation="http://pegasus.isi.edu/schema/DAX http://pegasus.isi.edu/schema/dax-2.1.xsd">
<!-- part 1: list of all referenced files (may be empty) -->
<!-- part 2: definition of all jobs (at least one) -->
  <externalsources>
  <exsource datarate="4" id="PID00000" name="Producer0" type="stream"/><exsource datarate="4" id="PID00001" name="Producer1" type="stream"/><exsource datarate="4" id="PID00002" name="Producer2" type="stream"/><exsource datarate="4" id="PID00003" name="Producer3" type="stream"/><exsource datarate="4" id="PID00004" name="Producer4" type="stream"/><exsource datarate="4" id="PID00005" name="Producer5" type="stream"/><exsource datarate="4" id="PID00006" name="Producer6" type="stream"/><exsource datarate="4" id="PID00007" name="Producer7" type="stream"/><exsource datarate="4" id="PID00008" name="Producer8" type="stream"/><exsource datarate="4" id="PID00009" name="Producer9" type="stream"/><exsource datarate="4" id="PID00010" name="Producer10" type="stream"/><exsource datarate="4" id="PID00011" name="Producer11" type="stream"/><exsource datarate="4" id="PID00012" name="Producer12" type="stream"/><exsource datarate="4" id="PID00013" name="Producer13" type="stream"/><exsource datarate="4" id="PID00014" name="Producer14" type="stream"/><exsource datarate="4" id="PID00015" name="Producer15" type="stream"/><exsource datarate="4" id="PID00016" name="Producer16" type="stream"/><exsource datarate="4" id="PID00017" name="Producer17" type="stream"/><exsource datarate="4" id="PID00018" name="Producer18" type="stream"/><exsource datarate="4" id="PID00019" name="Producer19" type="stream"/><exsource datarate="4" id="PID00020" name="Producer20" type="stream"/><exsource datarate="4" id="PID00021" name="Producer21" type="stream"/><exsource datarate="4" id="PID00022" name="Producer22" type="stream"/><exsource datarate="4" id="PID00023" name="Producer23" type="stream"/></externalsources>
<service dataprocessingreq="500" id="ID00000" name="Service0" userreq="4"><uses link="input" producerref="PID00000" type="stream"/><uses link="output" size="4" type="stream"/></service><service dataprocessingreq="500" id="ID00001" name="Service1" userreq="4"><uses link="input" producerref="PID00001" type="stream"/><uses link="output" size="4" type="stream"/></service><service dataprocessingreq="500" id="ID00002" name="Service2" userreq="4"><uses link="input" producerref="PID00002" type="stream"/><uses link="output" size="4" type="stream"/></service><service dataprocessingreq="500" id="ID00003" name="Service3" userreq="4"><uses link="input" producerref="PID00003" type="stream"/><uses link="output" size="4" type="stream"/></service><service dataprocessingreq="500" id="ID00004" name="Service4" userreq="4"><uses link="input" producerref="PID00004" type="stream"/><uses link="output" size="4" type="stream"/></service><service dataprocessingreq="500" id="ID00005" name="Service5" userreq="4"><uses link="input" producerref="PID00005" type="stream"/><uses link="output" size="4" type="stream"/></service><service dataprocessingreq="500" id="ID00006" name="Service6" userreq="4"><uses link="input" producerref="PID00006" type="stream"/><uses link="output" size="4" type="stream"/></service><service dataprocessingreq="500" id="ID00007" name="Service7" userreq="4"><uses link="input" producerref="PID00007" type="stream"/><uses link="output" size="4" type="stream"/></service><service dataprocessingreq="500" id="ID00008" name="Service8" userreq="4"><uses link="input" producerref="PID00008" type="stream"/><uses link="output" size="4" type="stream"/></service><service dataprocessingreq="500" id="ID00009" name="Service9" userreq="4"><uses link="input" producerref="PID00009" type="stream"/><uses link="output" size="4" type="stream"/></service><service dataprocessingreq="500" id="ID00010" name="Service10" userreq="4"><uses link="input" producerref="PID00010" type="stream"/><uses link="output" size="4" type="stream"/></service><service dataprocessingreq="500" id="ID00011" name="Service11" userreq="4"><uses link="input" producerref="PID00011" type="stream"/><uses link="output" size="4" type="stream"/></service><service dataprocessingreq="500" id="ID00012" name="Service12" userreq="4"><uses link="input" producerref="PID00012" type="stream"/><uses link="output" size="4" type="stream"/></service><service dataprocessingreq="500" id="ID00013" name="Service13" userreq="4"><uses link="input" producerref="PID00013" type="stream"/><uses link="output" size="4" type="stream"/></service><service dataprocessingreq="500" id="ID00014" name="Service14" userreq="4"><uses link="input" producerref="PID00014" type="stream"/><uses link="output" size="4" type="stream"/></service><service dataprocessingreq="500" id="ID00015" name="Service15" userreq="4"><uses link="input" producerref="PID00015" type="stream"/><uses link="output" size="4" type="stream"/></service><service dataprocessingreq="500" id="ID00016" name="Service16" userreq="4"><uses link="input" producerref="PID00016" type="stream"/><uses link="output" size="4" type="stream"/></service><service dataprocessingreq="500" id="ID00017" name="Service17" userreq="4"><uses link="input" producerref="PID00017" type="stream"/><uses link="output" size="4" type="stream"/></service><service dataprocessingreq="500" id="ID00018" name="Service18" userreq="4"><uses link="input" producerref="PID00018" type="stream"/><uses link="output" size="4" type="stream"/></service><service dataprocessingreq="500" id="ID00019" name="Service19" userreq="4"><uses link="input" producerref="PID00019" type="stream"/><uses link="output" size="4" type="stream"/></service><service dataprocessingreq="500" id="ID00020" name="Service20" userreq="4"><uses link="input" producerref="PID00020" type="stream"/><uses link="output" size="4" type="stream"/></service><service dataprocessingreq="500" id="ID00021" name="Service21" userreq="4"><uses link="input" producerref="PID00021" type="stream"/><uses link="output" size="4" type="stream"/></service><service dataprocessingreq="500" id="ID00022" name="Service22" userreq="4"><uses link="input" producerref="PID00022" type="stream"/><uses link="output" size="4" type="stream"/></service><service dataprocessingreq="500" id="ID00023" name="Service23" userreq="4"><uses link="input" producerref="PID00023" type="stream"/><uses link="output" size="4" type="stream"/></service><service dataprocessingreq="500" id="ID00024" name="Service24" userreq="4"><uses link="input" processingtype="replica" serviceref="ID00000" type="stream"/><uses link="output" size="4" type="stream"/></service><service dataprocessingreq="1000" id="ID00025" name="Service25" userreq="4"><uses link="input" processingtype="replica" serviceref="ID00000" type="stream"/><uses link="output" size="4" type="stream"/></service><service dataprocessingreq="500" id="ID00026" name="Service26" userreq="4"><uses link="input" processingtype="replica" serviceref="ID00001" type="stream"/><uses link="output" size="4" type="stream"/></service><service dataprocessingreq="1000" id="ID00027" name="Service27" userreq="4"><uses link="input" processingtype="replica" serviceref="ID00001" type="stream"/><uses link="output" size="4" type="stream"/></service><service dataprocessingreq="500" id="ID00028" name="Service28" userreq="4"><uses link="input" processingtype="replica" serviceref="ID00002" type="stream"/><uses link="output" size="4" type="stream"/></service><service dataprocessingreq="1000" id="ID00029" name="Service29" userreq="4"><uses link="input" processingtype="replica" serviceref="ID00002" type="stream"/><uses link="output" size="4" type="stream"/></service><service dataprocessingreq="500" id="ID00030" name="Service30" userreq="4"><uses link="input" processingtype="replica" serviceref="ID00003" type="stream"/><uses link="output" size="4" type="stream"/></service><service dataprocessingreq="1000" id="ID00031" name="Service31" userreq="4"><uses link="input" processingtype="replica" serviceref="ID00003" type="stream"/><uses link="output" size="4" type="stream"/></service><service dataprocessingreq="500" id="ID00032" name="Service32" userreq="4"><uses link="input" processingtype="replica" serviceref="ID00004" type="stream"/><uses link="output" size="4" type="stream"/></service><service dataprocessingreq="1000" id="ID00033" name="Service33" userreq="4"><uses link="input" processingtype="replica" serviceref="ID00004" type="stream"/><uses link="output" size="4" type="stream"/></service><service dataprocessingreq="500" id="ID00034" name="Service34" userreq="4"><uses link="input" processingtype="replica" serviceref="ID00005" type="stream"/><uses link="output" size="4" type="stream"/></service><service dataprocessingreq="1000" id="ID00035" name="Service35" userreq="4"><uses link="input" processingtype="replica" serviceref="ID00005" type="stream"/><uses link="output" size="4" type="stream"/></service><service dataprocessingreq="500" id="ID00036" name="Service36" userreq="4"><uses link="input" processingtype="replica" serviceref="ID00006" type="stream"/><uses link="output" size="4" type="stream"/></service><service dataprocessingreq="1000" id="ID00037" name="Service37" userreq="4"><uses link="input" processingtype="replica" serviceref="ID00006" type="stream"/><uses link="output" size="4" type="stream"/></service><service dataprocessingreq="500" id="ID00038" name="Service38" userreq="4"><uses link="input" processingtype="replica" serviceref="ID00007" type="stream"/><uses link="output" size="4" type="stream"/></service><service dataprocessingreq="1000" id="ID00039" name="Service39" userreq="4"><uses link="input" processingtype="replica" serviceref="ID00007" type="stream"/><uses link="output" size="4" type="stream"/></service><service dataprocessingreq="500" id="ID00040" name="Service40" userreq="4"><uses link="input" processingtype="replica" serviceref="ID00008" type="stream"/><uses link="output" size="4" type="stream"/></service><service dataprocessingreq="1000" id="ID00041" name="Service41" userreq="4"><uses link="input" processingtype="replica" serviceref="ID00008" type="stream"/><uses link="output" size="4" type="stream"/></service><service dataprocessingreq="500" id="ID00042" name="Service42" userreq="4"><uses link="input" processingtype="replica" serviceref="ID00009" type="stream"/><uses link="output" size="4" type="stream"/></service><service dataprocessingreq="1000" id="ID00043" name="Service43" userreq="4"><uses link="input" processingtype="replica" serviceref="ID00009" type="stream"/><uses link="output" size="4" type="stream"/></service><service dataprocessingreq="500" id="ID00044" name="Service44" userreq="4"><uses link="input" processingtype="replica" serviceref="ID00010" type="stream"/><uses link="output" size="4" type="stream"/></service><service dataprocessingreq="1000" id="ID00045" name="Service45" userreq="4"><uses link="input" processingtype="replica" serviceref="ID00010" type="stream"/><uses link="output" size="4" type="stream"/></service><service dataprocessingreq="500" id="ID00046" name="Service46" userreq="4"><uses link="input" processingtype="replica" serviceref="ID00011" type="stream"/><uses link="output" size="4" type="stream"/></service><service dataprocessingreq="1000" id="ID00047" name="Service47" userreq="4"><uses link="input" processingtype="replica" serviceref="ID00011" type="stream"/><uses link="output" size="4" type="stream"/></service><service dataprocessingreq="500" id="ID00048" name="Service48" userreq="4"><uses link="input" processingtype="replica" serviceref="ID00012" type="stream"/><uses link="output" size="4" type="stream"/></service><service dataprocessingreq="1000" id="ID00049" name="Service49" userreq="4"><uses link="input" processingtype="replica" serviceref="ID00012" type="stream"/><uses link="output" size="4" type="stream"/></service><service dataprocessingreq="500" id="ID00050" name="Service50" userreq="4"><uses link="input" processingtype="replica" serviceref="ID00013" type="stream"/><uses link="output" size="4" type="stream"/></service><service dataprocessingreq="1000" id="ID00051" name="Service51" userreq="4"><uses link="input" processingtype="replica" serviceref="ID00013" type="stream"/><uses link="output" size="4" type="stream"/></service><service dataprocessingreq="500" id="ID00052" name="Service52" userreq="4"><uses link="input" processingtype="replica" serviceref="ID00014" type="stream"/><uses link="output" size="4" type="stream"/></service><service dataprocessingreq="1000" id="ID00053" name="Service53" userreq="4"><uses link="input" processingtype="replica" serviceref="ID00014" type="stream"/><uses link="output" size="4" type="stream"/></service><service dataprocessingreq="500" id="ID00054" name="Service54" userreq="4"><uses link="input" processingtype="replica" serviceref="ID00015" type="stream"/><uses link="output" size="4" type="stream"/></service><service dataprocessingreq="1000" id="ID00055" name="Service55" userreq="4"><uses link="input" processingtype="replica" serviceref="ID00015" type="stream"/><uses link="output" size="4" type="stream"/></service><service dataprocessingreq="500" id="ID00056" name="Service56" userreq="4"><uses link="input" processingtype="replica" serviceref="ID00016" type="stream"/><uses link="output" size="4" type="stream"/></service><service dataprocessingreq="1000" id="ID00057" name="Service57" userreq="4"><uses link="input" processingtype="replica" serviceref="ID00016" type="stream"/><uses link="output" size="4" type="stream"/></service><service dataprocessingreq="500" id="ID00058" name="Service58" userreq="4"><uses link="input" processingtype="replica" serviceref="ID00017" type="stream"/><uses link="output" size="4" type="stream"/></service><service dataprocessingreq="1000" id="ID00059" name="Service59" userreq="4"><uses link="input" processingtype="replica" serviceref="ID00017" type="stream"/><uses link="output" size="4" type="stream"/></service><service dataprocessingreq="500" id="ID00060" name="Service60" userreq="4"><uses link="input" processingtype="replica" serviceref="ID00018" type="stream"/><uses link="output" size="4" type="stream"/></service><service dataprocessingreq="1000" id="ID00061" name="Service61" userreq="4"><uses link="input" processingtype="replica" serviceref="ID00018" type="stream"/><uses link="output" size="4" type="stream"/></service><service dataprocessingreq="500" id="ID00062" name="Service62" userreq="4"><uses link="input" processingtype="replica" serviceref="ID00019" type="stream"/><uses link="output" size="4" type="stream"/></service><service dataprocessingreq="1000" id="ID00063" name="Service63" userreq="4"><uses link="input" processingtype="replica" serviceref="ID00019" type="stream"/><uses link="output" size="4" type="stream"/></service><service dataprocessingreq="500" id="ID00064" name="Service64" userreq="4"><uses link="input" processingtype="replica" serviceref="ID00020" type="stream"/><uses link="output" size="4" type="stream"/></service><service dataprocessingreq="1000" id="ID00065" name="Service65" userreq="4"><uses link="input" processingtype="replica" serviceref="ID00020" type="stream"/><uses link="output" size="4" type="stream"/></service><service dataprocessingreq="500" id="ID00066" name="Service66" userreq="4"><uses link="input" processingtype="replica" serviceref="ID00021" type="stream"/><uses link="output" size="4" type="stream"/></service><service dataprocessingreq="1000" id="ID00067" name="Service67" userreq="4"><uses link="input" processingtype="replica" serviceref="ID00021" type="stream"/><uses link="output" size="4" type="stream"/></service><service dataprocessingreq="500" id="ID00068" name="Service68" userreq="4"><uses link="input" processingtype="replica" serviceref="ID00022" type="stream"/><uses link="output" size="4" type="stream"/></service><service dataprocessingreq="1000" id="ID00069" name="Service69" userreq="4"><uses link="input" processingtype="replica" serviceref="ID00022" type="stream"/><uses link="output" size="4" type="stream"/></service><service dataprocessingreq="500" id="ID00070" name="Service70" userreq="4"><uses link="input" processingtype="replica" serviceref="ID00023" type="stream"/><uses link="output" size="4" type="stream"/></service><service dataprocessingreq="1000" id="ID00071" name="Service71" userreq="4"><uses link="input" processingtype="replica" serviceref="ID00023" type="stream"/><uses link="output" size="4" type="stream"/></service><service dataprocessingreq="1000" id="ID00072" name="Service72" userreq="8"><uses link="input" processingtype="replica" serviceref="ID00024" type="stream"/><uses link="input" processingtype="replica" serviceref="ID00025" type="stream"/><uses link="output" size="1" type="stream"/></service><service dataprocessingreq="1000" id="ID00073" name="Service73" userreq="8"><uses link="input" processingtype="replica" serviceref="ID00026" type="stream"/><uses link="input" processingtype="replica" serviceref="ID00027" type="stream"/><uses link="output" size="1" type="stream"/></service><service dataprocessingreq="1000" id="ID00074" name="Service74" userreq="8"><uses link="input" processingtype="replica" serviceref="ID00028" type="stream"/><uses link="input" processingtype="replica" serviceref="ID00029" type="stream"/><uses link="output" size="1" type="stream"/></service><service dataprocessingreq="1000" id="ID00075" name="Service75" userreq="8"><uses link="input" processingtype="replica" serviceref="ID00030" type="stream"/><uses link="input" processingtype="replica" serviceref="ID00031" type="stream"/><uses link="output" size="1" type="stream"/></service><service dataprocessingreq="1000" id="ID00076" name="Service76" userreq="8"><uses link="input" processingtype="replica" serviceref="ID00032" type="stream"/><uses link="input" processingtype="replica" serviceref="ID00033" type="stream"/><uses link="output" size="1" type="stream"/></service><service dataprocessingreq="1000" id="ID00077" name="Service77" userreq="8"><uses link="input" processingtype="replica" serviceref="ID00034" type="stream"/><uses link="input" processingtype="replica" serviceref="ID00035" type="stream"/><uses link="output" size="1" type="stream"/></service><service dataprocessingreq="1000" id="ID00078" name="Service78" userreq="8"><uses link="input" processingtype="replica" serviceref="ID00036" type="stream"/><uses link="input" processingtype="replica" serviceref="ID00037" type="stream"/><uses link="output" size="1" type="stream"/></service><service dataprocessingreq="1000" id="ID00079" name="Service79" userreq="8"><uses link="input" processingtype="replica" serviceref="ID00038" type="stream"/><uses link="input" processingtype="replica" serviceref="ID00039" type="stream"/><uses link="output" size="1" type="stream"/></service><service dataprocessingreq="1000" id="ID00080" name="Service80" userreq="8"><uses link="input" processingtype="replica" serviceref="ID00040" type="stream"/><uses link="input" processingtype="replica" serviceref="ID00041" type="stream"/><uses link="output" size="1" type="stream"/></service><service dataprocessingreq="1000" id="ID00081" name="Service81" userreq="8"><uses link="input" processingtype="replica" serviceref="ID00042" type="stream"/><uses link="input" processingtype="replica" serviceref="ID00043" type="stream"/><uses link="output" size="1" type="stream"/></service><service dataprocessingreq="1000" id="ID00082" name="Service82" userreq="8"><uses link="input" processingtype="replica" serviceref="ID00044" type="stream"/><uses link="input" processingtype="replica" serviceref="ID00045" type="stream"/><uses link="output" size="1" type="stream"/></service><service dataprocessingreq="1000" id="ID00083" name="Service83" userreq="8"><uses link="input" processingtype="replica" serviceref="ID00046" type="stream"/><uses link="input" processingtype="replica" serviceref="ID00047" type="stream"/><uses link="output" size="1" type="stream"/></service><service dataprocessingreq="1000" id="ID00084" name="Service84" userreq="8"><uses link="input" processingtype="replica" serviceref="ID00048" type="stream"/><uses link="input" processingtype="replica" serviceref="ID00049" type="stream"/><uses link="output" size="1" type="stream"/></service><service dataprocessingreq="1000" id="ID00085" name="Service85" userreq="8"><uses link="input" processingtype="replica" serviceref="ID00050" type="stream"/><uses link="input" processingtype="replica" serviceref="ID00051" type="stream"/><uses link="output" size="1" type="stream"/></service><service dataprocessingreq="1000" id="ID00086" name="Service86" userreq="8"><uses link="input" processingtype="replica" serviceref="ID00052" type="stream"/><uses link="input" processingtype="replica" serviceref="ID00053" type="stream"/><uses link="output" size="1" type="stream"/></service><service dataprocessingreq="1000" id="ID00087" name="Service87" userreq="8"><uses link="input" processingtype="replica" serviceref="ID00054" type="stream"/><uses link="input" processingtype="replica" serviceref="ID00055" type="stream"/><uses link="output" size="1" type="stream"/></service><service dataprocessingreq="1000" id="ID00088" name="Service88" userreq="8"><uses link="input" processingtype="replica" serviceref="ID00056" type="stream"/><uses link="input" processingtype="replica" serviceref="ID00057" type="stream"/><uses link="output" size="1" type="stream"/></service><service dataprocessingreq="1000" id="ID00089" name="Service89" userreq="8"><uses link="input" processingtype="replica" serviceref="ID00058" type="stream"/><uses link="input" processingtype="replica" serviceref="ID00059" type="stream"/><uses link="output" size="1" type="stream"/></service><service dataprocessingreq="1000" id="ID00090" name="Service90" userreq="8"><uses link="input" processingtype="replica" serviceref="ID00060" type="stream"/><uses link="input" processingtype="replica" serviceref="ID00061" type="stream"/><uses link="output" size="1" type="stream"/></service><service dataprocessingreq="1000" id="ID00091" name="Service91" userreq="8"><uses link="input" processingtype="replica" serviceref="ID00062" type="stream"/><uses link="input" processingtype="replica" serviceref="ID00063" type="stream"/><uses link="output" size="1" type="stream"/></service><service dataprocessingreq="1000" id="ID00092" name="Service92" userreq="8"><uses link="input" processingtype="replica" serviceref="ID00064" type="stream"/><uses link="input" processingtype="replica" serviceref="ID00065" type="stream"/><uses link="output" size="1" type="stream"/></service><service dataprocessingreq="1000" id="ID00093" name="Service93" userreq="8"><uses link="input" processingtype="replica" serviceref="ID00066" type="stream"/><uses link="input" processingtype="replica" serviceref="ID00067" type="stream"/><uses link="output" size="1" type="stream"/></service><service dataprocessingreq="1000" id="ID00094" name="Service94" userreq="8"><uses link="input" processingtype="replica" serviceref="ID00068" type="stream"/><uses link="input" processingtype="replica" serviceref="ID00069" type="stream"/><uses link="output" size="1" type="stream"/></service><service dataprocessingreq="1000" id="ID00095" name="Service95" userreq="8"><uses link="input" processingtype="replica" serviceref="ID00070" type="stream"/><uses link="input" processingtype="replica" serviceref="ID00071" type="stream"/><uses link="output" size="1" type="stream"/></service><service dataprocessingreq="500" id="ID00096" name="MergeService" userreq="8.0"><uses link="input" processingtype="replica" serviceref="ID00072" type="stream"/><uses link="input" processingtype="replica" serviceref="ID00073" type="stream"/><uses link="input" processingtype="replica" serviceref="ID00074" type="stream"/><uses link="input" processingtype="replica" serviceref="ID00075" type="stream"/><uses link="input" processingtype="replica" serviceref="ID00076" type="stream"/><uses link="input" processingtype="replica" serviceref="ID00077" type="stream"/><uses link="input" processingtype="replica" serviceref="ID00078" type="stream"/><uses link="input" processingtype="replica" serviceref="ID00079" type="stream"/><uses link="output" size="1" type="stream"/></service><service dataprocessingreq="500" id="ID00097" name="MergeService" userreq="8.0"><uses link="input" processingtype="replica" serviceref="ID00080" type="stream"/><uses link="input" processingtype="replica" serviceref="ID00081" type="stream"/><uses link="input" processingtype="replica" serviceref="ID00082" type="stream"/><uses link="input" processingtype="replica" serviceref="ID00083" type="stream"/><uses link="input" processingtype="replica" serviceref="ID00084" type="stream"/><uses link="input" processingtype="replica" serviceref="ID00085" type="stream"/><uses link="input" processingtype="replica" serviceref="ID00086" type="stream"/><uses link="input" processingtype="replica" serviceref="ID00087" type="stream"/><uses link="output" size="1" type="stream"/></service><service dataprocessingreq="500" id="ID00098" name="MergeService" userreq="8.0"><uses link="input" processingtype="replica" serviceref="ID00088" type="stream"/><uses link="input" processingtype="replica" serviceref="ID00089" type="stream"/><uses link="input" processingtype="replica" serviceref="ID00090" type="stream"/><uses link="input" processingtype="replica" serviceref="ID00091" type="stream"/><uses link="input" processingtype="replica" serviceref="ID00092" type="stream"/><uses link="input" processingtype="replica" serviceref="ID00093" type="stream"/><uses link="input" processingtype="replica" serviceref="ID00094" type="stream"/><uses link="input" processingtype="replica" serviceref="ID00095" type="stream"/><uses link="output" size="1" type="stream"/></service><service dataprocessingreq="1000" id="ID00099" name="BigMergeService" userreq="3.0"><uses link="input" processingtype="replica" serviceref="ID00096" type="stream"/><uses link="input" processingtype="replica" serviceref="ID00097" type="stream"/><uses link="input" processingtype="replica" serviceref="ID00098" type="stream"/><uses link="output" size="1" type="stream"/></service><child ref="ID00024"><parent ref="ID00000"/></child><child ref="ID00025"><parent ref="ID00000"/></child><child ref="ID00026"><parent ref="ID00001"/></child><child ref="ID00027"><parent ref="ID00001"/></child><child ref="ID00028"><parent ref="ID00002"/></child><child ref="ID00029"><parent ref="ID00002"/></child><child ref="ID00030"><parent ref="ID00003"/></child><child ref="ID00031"><parent ref="ID00003"/></child><child ref="ID00032"><parent ref="ID00004"/></child><child ref="ID00033"><parent ref="ID00004"/></child><child ref="ID00034"><parent ref="ID00005"/></child><child ref="ID00035"><parent ref="ID00005"/></child><child ref="ID00036"><parent ref="ID00006"/></child><child ref="ID00037"><parent ref="ID00006"/></child><child ref="ID00038"><parent ref="ID00007"/></child><child ref="ID00039"><parent ref="ID00007"/></child><child ref="ID00040"><parent ref="ID00008"/></child><child ref="ID00041"><parent ref="ID00008"/></child><child ref="ID00042"><parent ref="ID00009"/></child><child ref="ID00043"><parent ref="ID00009"/></child><child ref="ID00044"><parent ref="ID00010"/></child><child ref="ID00045"><parent ref="ID00010"/></child><child ref="ID00046"><parent ref="ID00011"/></child><child ref="ID00047"><parent ref="ID00011"/></child><child ref="ID00048"><parent ref="ID00012"/></child><child ref="ID00049"><parent ref="ID00012"/></child><child ref="ID00050"><parent ref="ID00013"/></child><child ref="ID00051"><parent ref="ID00013"/></child><child ref="ID00052"><parent ref="ID00014"/></child><child ref="ID00053"><parent ref="ID00014"/></child><child ref="ID00054"><parent ref="ID00015"/></child><child ref="ID00055"><parent ref="ID00015"/></child><child ref="ID00056"><parent ref="ID00016"/></child><child ref="ID00057"><parent ref="ID00016"/></child><child ref="ID00058"><parent ref="ID00017"/></child><child ref="ID00059"><parent ref="ID00017"/></child><child ref="ID00060"><parent ref="ID00018"/></child><child ref="ID00061"><parent ref="ID00018"/></child><child ref="ID00062"><parent ref="ID00019"/></child><child ref="ID00063"><parent ref="ID00019"/></child><child ref="ID00064"><parent ref="ID00020"/></child><child ref="ID00065"><parent ref="ID00020"/></child><child ref="ID00066"><parent ref="ID00021"/></child><child ref="ID00067"><parent ref="ID00021"/></child><child ref="ID00068"><parent ref="ID00022"/></child><child ref="ID00069"><parent ref="ID00022"/></child><child ref="ID00070"><parent ref="ID00023"/></child><child ref="ID00071"><parent ref="ID00023"/></child><child ref="ID00072"><parent ref="ID00024"/><parent ref="ID00025"/></child><child ref="ID00073"><parent ref="ID00026"/><parent ref="ID00027"/></child><child ref="ID00074"><parent ref="ID00028"/><parent ref="ID00029"/></child><child ref="ID00075"><parent ref="ID00030"/><parent ref="ID00031"/></child><child ref="ID00076"><parent ref="ID00032"/><parent ref="ID00033"/></child><child ref="ID00077"><parent ref="ID00034"/><parent ref="ID00035"/></child><child ref="ID00078"><parent ref="ID00036"/><parent ref="ID00037"/></child><child ref="ID00079"><parent ref="ID00038"/><parent ref="ID00039"/></child><child ref="ID00080"><parent ref="ID00040"/><parent ref="ID00041"/></child><child ref="ID00081"><parent ref="ID00042"/><parent ref="ID00043"/></child><child ref="ID00082"><parent ref="ID00044"/><parent ref="ID00045"/></child><child ref="ID00083"><parent ref="ID00046"/><parent ref="ID00047"/></child><child ref="ID00084"><parent ref="ID00048"/><parent ref="ID00049"/></child><child ref="ID00085"><parent ref="ID00050"/><parent ref="ID00051"/></child><child ref="ID00086"><parent ref="ID00052"/><parent ref="ID00053"/></child><child ref="ID00087"><parent ref="ID00054"/><parent ref="ID00055"/></child><child ref="ID00088"><parent ref="ID00056"/><parent ref="ID00057"/></child><child ref="ID00089"><parent ref="ID00058"/><parent ref="ID00059"/></child><child ref="ID00090"><parent ref="ID00060"/><parent ref="ID00061"/></child><child ref="ID00091"><parent ref="ID00062"/><parent ref="ID00063"/></child><child ref="ID00092"><parent ref="ID00064"/><parent ref="ID00065"/></child><child ref="ID00093"><parent ref="ID00066"/><parent ref="ID00067"/></child><child ref="ID00094"><parent ref="ID00068"/><parent ref="ID00069"/></child><child ref="ID00095"><parent ref="ID00070"/><parent ref="ID00071"/></child><child ref="ID00096"><parent ref="ID00072"/><parent ref="ID00073"/><parent ref="ID00074"/><parent ref="ID00075"/><parent ref="ID00076"/><parent ref="ID00077"/><parent ref="ID00078"/><parent ref="ID00079"/></child><child ref="ID00097"><parent ref="ID00080"/><parent ref="ID00081"/><parent ref="ID00082"/><parent ref="ID00083"/><parent ref="ID00084"/><parent ref="ID00085"/><parent ref="ID00086"/><parent ref="ID00087"/></child><child ref="ID00098"><parent ref="ID00088"/><parent ref="ID00089"/><parent ref="ID00090"/><parent ref="ID00091"/><parent ref="ID00092"/><parent ref="ID00093"/><parent ref="ID00094"/><parent ref="ID00095"/></child><child ref="ID00099"><parent ref="ID00096"/><parent ref="ID00097"/><parent ref="ID00098"/></child></adag>