<?xml version="1.0" encoding="UTF-8" standalone="no"?><!-- generated: 2017-06-24T14:29:13-07:00 --><!-- generated by: Mutaz[??] --><adag xmlns="http://pegasus.isi.edu/schema/DAX" xmlns:xsi="http://www.w3.org/2001/XMLSchema-instance" childCount="2" count="1" fileCount="0" index="0" name="App2" serviceCount="53" version="2.1" xsi:schemaLocation="http://pegasus.isi.edu/schema/DAX http://pegasus.isi.edu/schema/dax-2.1.xsd">
<!-- part 1: list of all referenced files (may be empty) -->
<!-- part 2: definition of all jobs (at least one) -->
  <externalsources>
  <exsource datarate="4" id="PID00000" name="Producer0" type="stream"/><exsource datarate="4" id="PID00001" name="Producer1" type="stream"/><exsource datarate="4" id="PID00002" name="Producer2" type="stream"/><exsource datarate="4" id="PID00003" name="Producer3" type="stream"/><exsource datarate="4" id="PID00004" name="Producer4" type="stream"/><exsource datarate="4" id="PID00005" name="Producer5" type="stream"/><exsource datarate="4" id="PID00006" name="Producer6" type="stream"/><exsource datarate="4" id="PID00007" name="Producer7" type="stream"/><exsource datarate="4" id="PID00008" name="Producer8" type="stream"/><exsource datarate="4" id="PID00009" name="Producer9" type="stream"/><exsource datarate="4" id="PID00010" name="Producer10" type="stream"/><exsource datarate="4" id="PID00011" name="Producer11" type="stream"/><exsource datarate="4" id="PID00012" name="Producer12" type="stream"/></externalsources>
<service dataprocessingreq="500" id="ID00000" name="Service0" userreq="4"><uses link="input" producerref="PID00000" type="stream"/><uses link="output" size="4" type="stream"/></service><service dataprocessingreq="500" id="ID00001" name="Service1" userreq="4"><uses link="input" producerref="PID00001" type="stream"/><uses link="output" size="4" type="stream"/></service><service dataprocessingreq="500" id="ID00002" name="Service2" userreq="4"><uses link="input" producerref="PID00002" type="stream"/><uses link="output" size="4" type="stream"/></service><service dataprocessingreq="500" id="ID00003" name="Service3" userreq="4"><uses link="input" producerref="PID00003" type="stream"/><uses link="output" size="4" type="stream"/></service><service dataprocessingreq="500" id="ID00004" name="Service4" userreq="4"><uses link="input" producerref="PID00004" type="stream"/><uses link="output" size="4" type="stream"/></service><service dataprocessingreq="500" id="ID00005" name="Service5" userreq="4"><uses link="input" producerref="PID00005" type="stream"/><uses link="output" size="4" type="stream"/></service><service dataprocessingreq="500" id="ID00006" name="Service6" userreq="4"><uses link="input" producerref="PID00006" type="stream"/><uses link="output" size="4" type="stream"/></service><service dataprocessingreq="500" id="ID00007" name="Service7" userreq="4"><uses link="input" producerref="PID00007" type="stream"/><uses link="output" size="4" type="stream"/></service><service dataprocessingreq="500" id="ID00008" name="Service8" userreq="4"><uses link="input" producerref="PID00008" type="stream"/><uses link="output" size="4" type="stream"/></service><service dataprocessingreq="500" id="ID00009" name="Service9" userreq="4"><uses link="input" producerref="PID00009" type="stream"/><uses link="output" size="4" type="stream"/></service><service dataprocessingreq="500" id="ID00010" name="Service10" userreq="4"><uses link="input" producerref="PID00010" type="stream"/><uses link="output" size="4" type="stream"/></service><service dataprocessingreq="500" id="ID00011" name="Service11" userreq="4"><uses link="input" producerref="PID00011" type="stream"/><uses link="output" size="4" type="stream"/></service><service dataprocessingreq="500" id="ID00012" name="Service12" userreq="4"><uses link="input" producerref="PID00012" type="stream"/><uses link="output" size="4" type="stream"/></service><service dataprocessingreq="500" id="ID00013" name="Service13" userreq="4"><uses link="input" processingtype="replica" serviceref="ID00000" type="stream"/><uses link="output" size="4" type="stream"/></service><service dataprocessingreq="1000" id="ID00014" name="Service14" userreq="4"><uses link="input" processingtype="replica" serviceref="ID00000" type="stream"/><uses link="output" size="4" type="stream"/></service><service dataprocessingreq="500" id="ID00015" name="Service15" userreq="4"><uses link="input" processingtype="replica" serviceref="ID00001" type="stream"/><uses link="output" size="4" type="stream"/></service><service dataprocessingreq="1000" id="ID00016" name="Service16" userreq="4"><uses link="input" processingtype="replica" serviceref="ID00001" type="stream"/><uses link="output" size="4" type="stream"/></service><service dataprocessingreq="500" id="ID00017" name="Service17" userreq="4"><uses link="input" processingtype="replica" serviceref="ID00002" type="stream"/><uses link="output" size="4" type="stream"/></service><service dataprocessingreq="1000" id="ID00018" name="Service18" userreq="4"><uses link="input" processingtype="replica" serviceref="ID00002" type="stream"/><uses link="output" size="4" type="stream"/></service><service dataprocessingreq="500" id="ID00019" name="Service19" userreq="4"><uses link="input" processingtype="replica" serviceref="ID00003" type="stream"/><uses link="output" size="4" type="stream"/></service><service dataprocessingreq="1000" id="ID00020" name="Service20" userreq="4"><uses link="input" processingtype="replica" serviceref="ID00003" type="stream"/><uses link="output" size="4" type="stream"/></service><service dataprocessingreq="500" id="ID00021" name="Service21" userreq="4"><uses link="input" processingtype="replica" serviceref="ID00004" type="stream"/><uses link="output" size="4" type="stream"/></service><service dataprocessingreq="1000" id="ID00022" name="Service22" userreq="4"><uses link="input" processingtype="replica" serviceref="ID00004" type="stream"/><uses link="output" size="4" type="stream"/></service><service dataprocessingreq="500" id="ID00023" name="Service23" userreq="4"><uses link="input" processingtype="replica" serviceref="ID00005" type="stream"/><uses link="output" size="4" type="stream"/></service><service dataprocessingreq="1000" id="ID00024" name="Service24" userreq="4"><uses link="input" processingtype="replica" serviceref="ID00005" type="stream"/><uses link="output" size="4" type="stream"/></service><service dataprocessingreq="500" id="ID00025" name="Service25" userreq="4"><uses link="input" processingtype="replica" serviceref="ID00006" type="stream"/><uses link="output" size="4" type="stream"/></service><service dataprocessingreq="1000" id="ID00026" name="Service26" userreq="4"><uses link="input" processingtype="replica" serviceref="ID00006" type="stream"/><uses link="output" size="4" type="stream"/></service><service dataprocessingreq="500" id="ID00027" name="Service27" userreq="4"><uses link="input" processingtype="replica" serviceref="ID00007" type="stream"/><uses link="output" size="4" type="stream"/></service><service dataprocessingreq="1000" id="ID00028" name="Service28" userreq="4"><uses link="input" processingtype="replica" serviceref="ID00007" type="stream"/><uses link="output" size="4" type="stream"/></service><service dataprocessingreq="500" id="ID00029" name="Service29" userreq="4"><uses link="input" processingtype="replica" serviceref="ID00008" type="stream"/><uses link="output" size="4" type="stream"/></service><service dataprocessingreq="1000" id="ID00030" name="Service30" userreq="4"><uses link="input" processingtype="replica" serviceref="ID00008" type="stream"/><uses link="output" size="4" type="stream"/></service><service dataprocessingreq="500" id="ID00031" name="Service31" userreq="4"><uses link="input" processingtype="replica" serviceref="ID00009" type="stream"/><uses link="output" size="4" type="stream"/></service><service dataprocessingreq="1000" id="ID00032" name="Service32" userreq="4"><uses link="input" processingtype="replica" serviceref="ID00009" type="stream"/><uses link="output" size="4" type="stream"/></service><service dataprocessingreq="500" id="ID00033" name="Service33" userreq="4"><uses link="input" processingtype="replica" serviceref="ID00010" type="stream"/><uses link="output" size="4" type="stream"/></service><service dataprocessingreq="1000" id="ID00034" name="Service34" userreq="4"><uses link="input" processingtype="replica" serviceref="ID00010" type="stream"/><uses link="output" size="4" type="stream"/></service><service dataprocessingreq="500" id="ID00035" name="Service35" userreq="4"><uses link="input" processingtype="replica" serviceref="ID00011" type="stream"/><uses link="output" size="4" type="stream"/></service><service dataprocessingreq="1000" id="ID00036" name="Service36" userreq="4"><uses link="input" processingtype="replica" serviceref="ID00011" type="stream"/><uses link="output" size="4" type="stream"/></service><service dataprocessingreq="500" id="ID00037" name="Service37" userreq="4"><uses link="input" processingtype="replica" serviceref="ID00012" type="stream"/><uses link="output" size="4" type="stream"/></service><service dataprocessingreq="1000" id="ID00038" name="Service38" userreq="4"><uses link="input" processingtype="replica" serviceref="ID00012" type="stream"/><uses link="output" size="4" type="stream"/></service><service dataprocessingreq="1000" id="ID00039" name="Service39" userreq="8"><uses link="input" processingtype="replica" serviceref="ID00013" type="stream"/><uses link="input" processingtype="replica" serviceref="ID00014" type="stream"/><uses link="output" size="1" type="stream"/></service><service dataprocessingreq="1000" id="ID00040" name="Service40" userreq="8"><uses link="input" processingtype="replica" serviceref="ID00015" type="stream"/><uses link="input" processingtype="replica" serviceref="ID00016" type="stream"/><uses link="output" size="1" type="stream"/></service><service dataprocessingreq="1000" id="ID00041" name="Service41" userreq="8"><uses link="input" processingtype="replica" serviceref="ID00017" type="stream"/><uses link="input" processingtype="replica" serviceref="ID00018" type="stream"/><uses link="output" size="1" type="stream"/></service><service dataprocessingreq="1000" id="ID00042" name="Service42" userreq="8"><uses link="input" processingtype="replica" serviceref="ID00019" type="stream"/><uses link="input" processingtype="replica" serviceref="ID00020" type="stream"/><uses link="output" size="1" type="stream"/></service><service dataprocessingreq="1000" id="ID00043" name="Service43" userreq="8"><uses link="input" processingtype="replica" serviceref="ID00021" type="stream"/><uses link="input" processingtype="replica" serviceref="ID00022" type="stream"/><uses link="output" size="1" type="stream"/></service><service dataprocessingreq="1000" id="ID00044" name="Service44" userreq="8"><uses link="input" processingtype="replica" serviceref="ID00023" type="stream"/><uses link="input" processingtype="replica" serviceref="ID00024" type="stream"/><uses link="output" size="1" type="stream"/></service><service dataprocessingreq="1000" id="ID00045" name="Service45" userreq="8"><uses link="input" processingtype="replica" serviceref="ID00025" type="stream"/><uses link="input" processingtype="replica" serviceref="ID00026" type="stream"/><uses link="output" size="1" type="stream"/></service><service dataprocessingreq="1000" id="ID00046" name="Service46" userreq="8"><uses link="input" processingtype="replica" serviceref="ID00027" type="stream"/><uses link="input" processingtype="replica" serviceref="ID00028" type="stream"/><uses link="output" size="1" type="stream"/></service><service dataprocessingreq="1000" id="ID00047" name="Service47" userreq="8"><uses link="input" processingtype="replica" serviceref="ID00029" type="stream"/><uses link="input" processingtype="replica" serviceref="ID00030" type="stream"/><uses link="output" size="1" type="stream"/></service><service dataprocessingreq="1000" id="ID00048" name="Service48" userreq="8"><uses link="input" processingtype="replica" serviceref="ID00031" type="stream"/><uses link="input" processingtype="replica" serviceref="ID00032" type="stream"/><uses link="output" size="1" type="stream"/></service><service dataprocessingreq="1000" id="ID00049" name="Service49" userreq="8"><uses link="input" processingtype="replica" serviceref="ID00033" type="stream"/><uses link="input" processingtype="replica" serviceref="ID00034" type="stream"/><uses link="output" size="1" type="stream"/></service><service dataprocessingreq="1000" id="ID00050" name="Service50" userreq="8"><uses link="input" processingtype="replica" serviceref="ID00035" type="stream"/><uses link="input" processingtype="replica" serviceref="ID00036" type="stream"/><uses link="output" size="1" type="stream"/></service><service dataprocessingreq="1000" id="ID00051" name="Service51" userreq="8"><uses link="input" processingtype="replica" serviceref="ID00037" type="stream"/><uses link="input" processingtype="replica" serviceref="ID00038" type="stream"/><uses link="output" size="1" type="stream"/></service><service dataprocessingreq="1000" id="ID00052" name="BigMergeService" userreq="13.0"><uses link="input" processingtype="replica" serviceref="ID00039" type="stream"/><uses link="input" processingtype="replica" serviceref="ID00040" type="stream"/><uses link="input" processingtype="replica" serviceref="ID00041" type="stream"/><uses link="input" processingtype="replica" serviceref="ID00042" type="stream"/><uses link="input" processingtype="replica" serviceref="ID00043" type="stream"/><uses link="input" processingtype="replica" serviceref="ID00044" type="stream"/><uses link="input" processingtype="replica" serviceref="ID00045" type="stream"/><uses link="input" processingtype="replica" serviceref="ID00046" type="stream"/><uses link="input" processingtype="replica" serviceref="ID00047" type="stream"/><uses link="input" processingtype="replica" serviceref="ID00048" type="stream"/><uses link="input" processingtype="replica" serviceref="ID00049" type="stream"/><uses link="input" processingtype="replica" serviceref="ID00050" type="stream"/><uses link="input" processingtype="replica" serviceref="ID00051" type="stream"/><uses link="output" size="1" type="stream"/></service><child ref="ID00013"><parent ref="ID00000"/></child><child ref="ID00014"><parent ref="ID00000"/></child><child ref="ID00015"><parent ref="ID00001"/></child><child ref="ID00016"><parent ref="ID00001"/></child><child ref="ID00017"><parent ref="ID00002"/></child><child ref="ID00018"><parent ref="ID00002"/></child><child ref="ID00019"><parent ref="ID00003"/></child><child ref="ID00020"><parent ref="ID00003"/></child><child ref="ID00021"><parent ref="ID00004"/></child><child ref="ID00022"><parent ref="ID00004"/></child><child ref="ID00023"><parent ref="ID00005"/></child><child ref="ID00024"><parent ref="ID00005"/></child><child ref="ID00025"><parent ref="ID00006"/></child><child ref="ID00026"><parent ref="ID00006"/></child><child ref="ID00027"><parent ref="ID00007"/></child><child ref="ID00028"><parent ref="ID00007"/></child><child ref="ID00029"><parent ref="ID00008"/></child><child ref="ID00030"><parent ref="ID00008"/></child><child ref="ID00031"><parent ref="ID00009"/></child><child ref="ID00032"><parent ref="ID00009"/></child><child ref="ID00033"><parent ref="ID00010"/></child><child ref="ID00034"><parent ref="ID00010"/></child><child ref="ID00035"><parent ref="ID00011"/></child><child ref="ID00036"><parent ref="ID00011"/></child><child ref="ID00037"><parent ref="ID00012"/></child><child ref="ID00038"><parent ref="ID00012"/></child><child ref="ID00039"><parent ref="ID00013"/><parent ref="ID00014"/></child><child ref="ID00040"><parent ref="ID00015"/><parent ref="ID00016"/></child><child ref="ID00041"><parent ref="ID00017"/><parent ref="ID00018"/></child><child ref="ID00042"><parent ref="ID00019"/><parent ref="ID00020"/></child><child ref="ID00043"><parent ref="ID00021"/><parent ref="ID00022"/></child><child ref="ID00044"><parent ref="ID00023"/><parent ref="ID00024"/></child><child ref="ID00045"><parent ref="ID00025"/><parent ref="ID00026"/></child><child ref="ID00046"><parent ref="ID00027"/><parent ref="ID00028"/></child><child ref="ID00047"><parent ref="ID00029"/><parent ref="ID00030"/></child><child ref="ID00048"><parent ref="ID00031"/><parent ref="ID00032"/></child><child ref="ID00049"><parent ref="ID00033"/><parent ref="ID00034"/></child><child ref="ID00050"><parent ref="ID00035"/><parent ref="ID00036"/></child><child ref="ID00051"><parent ref="ID00037"/><parent ref="ID00038"/></child><child ref="ID00052"><parent ref="ID00039"/><parent ref="ID00040"/><parent ref="ID00041"/><parent ref="ID00042"/><parent ref="ID00043"/><parent ref="ID00044"/><parent ref="ID00045"/><parent ref="ID00046"/><parent ref="ID00047"/><parent ref="ID00048"/><parent ref="ID00049"/><parent ref="ID00050"/><parent ref="ID00051"/></child></adag>