<?xml version="1.0" encoding="UTF-8" standalone="no"?><!-- generated: 2017-06-24T14:29:13-07:00 --><!-- generated by: Mutaz[??] --><adag xmlns="http://pegasus.isi.edu/schema/DAX" xmlns:xsi="http://www.w3.org/2001/XMLSchema-instance" childCount="2" count="1" fileCount="0" index="0" name="App2" serviceCount="4" version="2.1" xsi:schemaLocation="http://pegasus.isi.edu/schema/DAX http://pegasus.isi.edu/schema/dax-2.1.xsd">
<!-- part 1: list of all referenced files (may be empty) -->
<!-- part 2: definition of all jobs (at least one) -->
  <externalsources>
	  <exsource datarate="4" id="PID00000" name="Producer0" type="stream"/>
  </externalsources>
  <service dataprocessingreq="500" id="ID00000" name="TmpltBank" userreq="4">
    <uses link="input" producerref="PID00000" type="stream"/>
    <uses link="output" size="4" transfer="true" type="stream"/>
  </service>
  <service dataprocessingreq="500" id="ID00001" name="TmpltBank" userreq="4">
    <uses link="input" processingtype="replica" serviceref="ID00000" type="stream"/>
    <uses link="output" size="4" transfer="true" type="stream"/>
  </service>
  <service dataprocessingreq="1000" id="ID00002" name="TmpBank" userreq="4">
    <uses link="input" processingtype="replica" serviceref="ID00000" type="stream"/>
    <uses link="output" size="4" type="stream"/>
   </service>
   <service dataprocessingreq="1000" id="ID00003" name="TmpBank" userreq="8">
    <uses link="input" processingtype="replica" serviceref="ID00001" type="stream"/>
    <uses link="input" processingtype="replica" serviceref="ID00002" type="stream"/>
    <uses link="output" size="1" type="stream"/>
   </service>
  <child ref="ID00001">
    <parent ref="ID00000"/>
  </child>
  <child ref="ID00002">
    <parent ref="ID00000"/>
  </child>
  <child ref="ID00003">
    <parent ref="ID00001"/>
    <parent ref="ID00002"/>
  </child>
</adag>
