<?xml version="1.0" encoding="UTF-8" standalone="no"?><!-- generated: 2017-06-24T14:29:13-07:00 --><!-- generated by: Mutaz[??] --><adag xmlns="http://pegasus.isi.edu/schema/DAX" xmlns:xsi="http://www.w3.org/2001/XMLSchema-instance" childCount="2" count="1" fileCount="0" index="0" name="App3" serviceCount="17" version="2.1" xsi:schemaLocation="http://pegasus.isi.edu/schema/DAX http://pegasus.isi.edu/schema/dax-2.1.xsd">
<!-- part 1: list of all referenced files (may be empty) -->
<!-- part 2: definition of all jobs (at least one) -->
  <externalsources>
  <exsource datarate="2" id="PID00000" name="Producer0" type="stream"/><exsource datarate="2" id="PID00001" name="Producer1" type="stream"/><exsource datarate="2" id="PID00002" name="Producer2" type="stream"/><exsource datarate="2" id="PID00003" name="Producer3" type="stream"/></externalsources>
<service dataprocessingreq="2000" id="ID00000" name="Service0" userreq="4"><uses link="input" producerref="PID00000" type="stream"/><uses link="input" producerref="PID00001" type="stream"/><uses link="output" size="16" type="stream"/></service><service dataprocessingreq="2000" id="ID00001" name="Service1" userreq="4"><uses link="input" producerref="PID00002" type="stream"/><uses link="input" producerref="PID00003" type="stream"/><uses link="output" size="16" type="stream"/></service><service dataprocessingreq="1000" id="ID00002" name="Service2" userreq="4"><uses link="input" partitionprecentage="25" processingtype="partition" serviceref="ID00000" type="stream"/><uses link="output" size="4" type="stream"/></service><service dataprocessingreq="2000" id="ID00003" name="Service3" userreq="4"><uses link="input" partitionprecentage="25" processingtype="partition" serviceref="ID00000" type="stream"/><uses link="output" size="4" type="stream"/></service><service dataprocessingreq="1000" id="ID00004" name="Service4" userreq="4"><uses link="input" partitionprecentage="25" processingtype="partition" serviceref="ID00000" type="stream"/><uses link="output" size="4" type="stream"/></service><service dataprocessingreq="4000" id="ID00005" name="Service5" userreq="4"><uses link="input" partitionprecentage="25" processingtype="partition" serviceref="ID00000" type="stream"/><uses link="output" size="1" type="stream"/></service><service dataprocessingreq="1000" id="ID00006" name="Service6" userreq="4"><uses link="input" partitionprecentage="25" processingtype="partition" serviceref="ID00001" type="stream"/><uses link="output" size="4" type="stream"/></service><service dataprocessingreq="2000" id="ID00007" name="Service7" userreq="4"><uses link="input" partitionprecentage="25" processingtype="partition" serviceref="ID00001" type="stream"/><uses link="output" size="4" type="stream"/></service><service dataprocessingreq="1000" id="ID00008" name="Service8" userreq="4"><uses link="input" partitionprecentage="25" processingtype="partition" serviceref="ID00001" type="stream"/><uses link="output" size="4" type="stream"/></service><service dataprocessingreq="4000" id="ID00009" name="Service9" userreq="4"><uses link="input" partitionprecentage="25" processingtype="partition" serviceref="ID00001" type="stream"/><uses link="output" size="1" type="stream"/></service><service dataprocessingreq="4000" id="ID00010" name="Service10" userreq="8"><uses link="input" processingtype="replica" serviceref="ID00002" type="stream"/><uses link="input" processingtype="replica" serviceref="ID00003" type="stream"/><uses link="output" size="2" type="stream"/></service><service dataprocessingreq="4000" id="ID00011" name="Service11" userreq="4"><uses link="input" processingtype="replica" serviceref="ID00004" type="stream"/><uses link="output" size="1" type="stream"/></service><service dataprocessingreq="4000" id="ID00012" name="Service12" userreq="8"><uses link="input" processingtype="replica" serviceref="ID00006" type="stream"/><uses link="input" processingtype="replica" serviceref="ID00007" type="stream"/><uses link="output" size="2" type="stream"/></service><service dataprocessingreq="4000" id="ID00013" name="Service13" userreq="4"><uses link="input" processingtype="replica" serviceref="ID00008" type="stream"/><uses link="output" size="1" type="stream"/></service><service dataprocessingreq="1000" id="ID00014" name="BigMergeService" userreq="3.0"><uses link="input" processingtype="replica" serviceref="ID00010" type="stream"/><uses link="input" processingtype="replica" serviceref="ID00011" type="stream"/><uses link="output" size="1" type="stream"/></service><service dataprocessingreq="1000" id="ID00015" name="BigMergeService" userreq="3.0"><uses link="input" processingtype="replica" serviceref="ID00005" type="stream"/><uses link="input" processingtype="replica" serviceref="ID00012" type="stream"/><uses link="output" size="2" type="stream"/></service><service dataprocessingreq="1000" id="ID00016" name="BigMergeService" userreq="2.0"><uses link="input" processingtype="replica" serviceref="ID00013" type="stream"/><uses link="input" processingtype="replica" serviceref="ID00009" type="stream"/><uses link="output" size="1" type="stream"/></service><child ref="ID00002"><parent ref="ID00000"/></child><child ref="ID00003"><parent ref="ID00000"/></child><child ref="ID00004"><parent ref="ID00000"/></child><child ref="ID00005"><parent ref="ID00000"/></child><child ref="ID00006"><parent ref="ID00001"/></child><child ref="ID00007"><parent ref="ID00001"/></child><child ref="ID00008"><parent ref="ID00001"/></child><child ref="ID00009"><parent ref="ID00001"/></child><child ref="ID00010"><parent ref="ID00002"/><parent ref="ID00003"/></child><child ref="ID00011"><parent ref="ID00004"/></child><child ref="ID00012"><parent ref="ID00006"/><parent ref="ID00007"/></child><child ref="ID00013"><parent ref="ID00008"/></child><child ref="ID00014"><parent ref="ID00010"/><parent ref="ID00011"/></child><child ref="ID00015"><parent ref="ID00005"/><parent ref="ID00012"/></child><child ref="ID00016"><parent ref="ID00013"/><parent ref="ID00009"/></child></adag>